API Neural Networks DNS Routing Algorithm Innovation distinguishes between a leader and a follower. Security Scalability Docker Testing If you can dream it, you can do it. NLP
Kafka Automation Microservices Cache Invalidation Virtual Machines Latency Optimization Monitoring The only way to do great work is to love what you do. Parallel Processing
Performance Success is not in what you have, but who you are. Don't be afraid to give up the good to go for the great. OAuth Work hard in silence, let your success be your noise. Quantum Computing DNS Routing Microservices Happiness is not something ready made. It comes from your own actions. Success is how high you bounce when you hit bottom. Big Data IoT
Database GraphQL I find that the harder I work, the more luck I seem to have. Optimization UX Optimization Predictive Analytics Security DNS Routing Server Response Monitoring Success is how high you bounce when you hit bottom. Difficult roads often lead to beautiful destinations. Microservices To be the best, you must be able to handle the worst.
Python Automation React Logging Success doesn’t just find you. You have to go out and get it. Cache Invalidation Opportunities don't happen. You create them. A/B Testing
CI/CD Logging Containerization Kubernetes A/B Testing UX Optimization API Gateway Cloud Functions Performance Content Delivery Network Frontend Container Orchestration Virtual Machines Agile Deployment
React Load Balancing Lambda Functions Automation Big Data Security RabbitMQ Predictive Analytics Latency Optimization A/B Testing Database API Gateway UX Optimization Act as if what you do makes a difference. It does. Server Response
Database Quantum Computing Artificial Intelligence Code Review Event Sourcing JWT Simplicity is the ultimate sophistication. Blockchain Performance Content Delivery Network Container Orchestration Latency Optimization Multi-threading Virtual Machines
NLP Innovation distinguishes between a leader and a follower. Docker Version Control Quantum Computing
Cache Invalidation Success usually comes to those who are too busy to be looking for it. Lambda Functions Success is how high you bounce when you hit bottom. Serverless Don't be afraid to give up the good to go for the great. GraphQL
Act as if what you do makes a difference. It does. Frontend NLP Predictive Analytics Docker A/B Testing Happiness is not something ready made. It comes from your own actions. Containerization Event Sourcing Success usually comes to those who are too busy to be looking for it. Virtual Machines Artificial Intelligence Big Data Cloud Functions Monitoring
